BAB,FIXED,LT.BD,MUNI,BABS
BIL,FIXED,ST.BD,SOVRGN,UST
CWB,FIXED,ALTFI,CORP,CONV
DEM,EQUITY,EEM,EMGMKT,BROAD
DGS,EQUITY,EEM,EMGMKT,BROAD
DON,EQUITY,MIDCAP,VALUE,DIV
EES,EQUITY,SMCAP,BLEND,EPS
EMB,FIXED,ALTFI,EMGMKT,EMBD
FLOT,FIXED,ST.BD,CORP,FLOAT
FTSL,FIXED,IT.BD,CORP,SRLOAN
FV,EQUITY,MIDCAP,GROWTH,GROWTH
GOVT,FIXED,IT.BD,SOVRGN,GENERIC
MTUM,EQUITY,LGCAP,BLEND,FACTMO
NEAR,FIXED,ST.BD,CORP,GENERIC
PDBC,ALTRN,REAL,COMM,ALT
PXH,EQUITY,EEM,EMGMKT,BROAD
QUAL,EQUITY,LGCAP,VALUE,FACTQT
REET,ALTRN,REAL,REIT,ALT
SJNK,FIXED,ALTFI,CORP,HIYLD
SPAB,FIXED,IT.BD,DIV,AGG
SPHB,EQUITY,LGCAP,BLEND,FACTHB
SPIB,FIXED,IT.BD,CORP,GENERIC
SPLB,FIXED,LT.BD,CORP,GENERIC
SPSM,EQUITY,SMCAP,BLEND,GENERIC
SRLN,FIXED,IT.BD,CORP,SRLOAN
XMLV,EQUITY,MIDCAP,BLEND,FACTLV
XSLV,EQUITY,SMCAP,VALUE,FACTLV
